-- MySQL dump 10.13  Distrib 5.7.9, for Win64 (x86_64)
--
-- Host: 192.168.140.2    Database: levelup76
-- ------------------------------------------------------
-- Server version	5.1.73

/*!40101 SET @OLD_CHARACTER_SET_CLIENT=@@CHARACTER_SET_CLIENT */;
/*!40101 SET @OLD_CHARACTER_SET_RESULTS=@@CHARACTER_SET_RESULTS */;
/*!40101 SET @OLD_COLLATION_CONNECTION=@@COLLATION_CONNECTION */;
/*!40101 SET NAMES utf8 */;
/*!40103 SET @OLD_TIME_ZONE=@@TIME_ZONE */;
/*!40103 SET TIME_ZONE='+00:00' */;
/*!40014 SET @OLD_UNIQUE_CHECKS=@@UNIQUE_CHECKS, UNIQUE_CHECKS=0 */;
/*!40014 SET @OLD_FOREIGN_KEY_CHECKS=@@FOREIGN_KEY_CHECKS, FOREIGN_KEY_CHECKS=0 */;
/*!40101 SET @OLD_SQL_MODE=@@SQL_MODE, SQL_MODE='NO_AUTO_VALUE_ON_ZERO' */;
/*!40111 SET @OLD_SQL_NOTES=@@SQL_NOTES, SQL_NOTES=0 */;

--
-- Table structure for table `activity`
--

DROP TABLE IF EXISTS `activity`;
/*!40101 SET @saved_cs_client     = @@character_set_client */;
/*!40101 SET character_set_client = utf8 */;
CREATE TABLE `activity` (
  `id` int(10) unsigned NOT NULL AUTO_INCREMENT,
  `trainer_id` int(10) unsigned DEFAULT NULL,
  `activityname` text,
  `activitycomment` text,
  `activityduration` int(11) DEFAULT NULL,
  `maxcount` int(11) DEFAULT NULL,
  `mincount` int(11) DEFAULT '0',
  `deleted` tinyint(4) DEFAULT NULL,
  PRIMARY KEY (`id`),
  KEY `fk_activity_trainers_idx` (`trainer_id`)
) ENGINE=MyISAM AUTO_INCREMENT=22 DEFAULT CHARSET=utf8;
/*!40101 SET character_set_client = @saved_cs_client */;

--
-- Dumping data for table `activity`
--

LOCK TABLES `activity` WRITE;
/*!40000 ALTER TABLE `activity` DISABLE KEYS */;
INSERT INTO `activity` VALUES (1,NULL,'test',NULL,NULL,12,0,NULL),(2,NULL,' ',NULL,NULL,NULL,0,1),(3,NULL,' ',NULL,NULL,NULL,0,1),(4,NULL,' ',NULL,NULL,NULL,0,1),(5,NULL,'test',NULL,NULL,NULL,0,NULL),(6,NULL,' ',NULL,NULL,10,0,NULL),(7,NULL,' ',NULL,NULL,10,0,NULL),(8,NULL,' ',NULL,NULL,10,0,NULL),(9,NULL,' ',NULL,NULL,10,0,NULL),(10,NULL,' ',NULL,NULL,10,0,1),(11,NULL,' ',NULL,NULL,10,0,NULL),(12,NULL,' ',NULL,NULL,10,0,NULL),(13,NULL,' ',NULL,NULL,10,0,NULL),(14,NULL,' ',NULL,NULL,10,0,NULL),(15,NULL,' ',NULL,NULL,10,0,NULL),(16,NULL,' ',NULL,NULL,10,0,NULL),(17,NULL,' ',NULL,NULL,10,0,NULL),(18,NULL,' ',NULL,NULL,10,0,NULL),(19,NULL,' ',NULL,NULL,10,0,NULL),(20,NULL,' ',NULL,NULL,10,0,NULL),(21,NULL,' Фриран',NULL,NULL,10,0,NULL);
/*!40000 ALTER TABLE `activity` ENABLE KEYS */;
UNLOCK TABLES;

--
-- Table structure for table `record_activity`
--

DROP TABLE IF EXISTS `record_activity`;
/*!40101 SET @saved_cs_client     = @@character_set_client */;
/*!40101 SET character_set_client = utf8 */;
CREATE TABLE `record_activity` (
  `id` int(10) unsigned NOT NULL AUTO_INCREMENT,
  `user_id` int(10) unsigned DEFAULT NULL,
  `schedule_id` int(10) unsigned DEFAULT NULL,
  `activity_id` int(10) unsigned DEFAULT NULL,
  `activitydate` date DEFAULT NULL,
  `starttime` time DEFAULT NULL,
  `recordcomment` text,
  `name` varchar(255) DEFAULT NULL,
  `phone` varchar(20) DEFAULT NULL,
  `deleted` tinyint(4) DEFAULT NULL,
  PRIMARY KEY (`id`),
  KEY `fk_record_activity_users_idx` (`user_id`),
  KEY `fk_record_activity_schedule_activity_idx` (`schedule_id`),
  KEY `fk_record_activity_activity_activity_idx` (`activity_id`)
) ENGINE=MyISAM AUTO_INCREMENT=28 DEFAULT CHARSET=utf8;
/*!40101 SET character_set_client = @saved_cs_client */;

--
-- Dumping data for table `record_activity`
--

LOCK TABLES `record_activity` WRITE;
/*!40000 ALTER TABLE `record_activity` DISABLE KEYS */;
INSERT INTO `record_activity` VALUES (1,5,21,NULL,'2016-07-20','14:00:00',NULL,NULL,NULL,NULL),(2,6,54,NULL,'2016-07-22','20:00:00',NULL,NULL,NULL,NULL),(3,7,54,NULL,'2016-07-22','20:00:00',NULL,NULL,NULL,NULL),(4,8,54,NULL,'2016-07-22','20:00:00',NULL,NULL,NULL,NULL),(5,9,21,NULL,'2016-07-27','14:00:00',NULL,NULL,NULL,1),(6,9,22,NULL,'2016-07-27','15:00:00',NULL,NULL,NULL,1),(7,9,66,NULL,'2016-07-27','21:00:00',NULL,NULL,NULL,1),(8,10,24,NULL,'2016-07-27','17:00:00',NULL,NULL,NULL,1),(9,11,10,NULL,'2016-07-25','17:00:00',NULL,NULL,NULL,NULL),(10,12,10,NULL,'2016-07-25','17:00:00',NULL,NULL,NULL,NULL),(11,13,10,NULL,'2016-07-25','17:00:00',NULL,NULL,NULL,NULL),(12,14,19,NULL,'2016-07-26','19:00:00',NULL,NULL,NULL,1),(13,15,19,NULL,'2016-07-26','19:00:00',NULL,NULL,NULL,1),(14,16,20,NULL,'2016-07-26','20:00:00',NULL,'Руслан Полухин','89109730885',NULL),(15,16,20,NULL,'2016-07-26','20:00:00',NULL,'Вася Петров','89109730885',NULL),(16,16,20,NULL,'2016-07-26','20:00:00',NULL,'Петя Иванов','89109730885',NULL),(17,16,20,NULL,'2016-07-26','20:00:00',NULL,'Петя Сидоров','89109730885',NULL),(18,16,20,NULL,'2016-07-26','20:00:00',NULL,'Вася Васильев','89109730885',NULL),(19,16,20,NULL,'2016-07-26','20:00:00',NULL,'Трущор Трущерев','89109730885',NULL),(20,17,21,NULL,'2016-07-27','14:00:00',NULL,'Руслан Полухин','89109730885',NULL),(21,18,29,NULL,'2016-07-28','14:00:00',NULL,'Маша ','88910123456',NULL),(22,19,31,NULL,'2016-07-28','16:00:00',NULL,'Митя ','89159754495',NULL),(23,20,32,NULL,'2016-07-28','17:00:00',NULL,'Денис ','89159733176',NULL),(24,21,32,NULL,'2016-07-28','17:00:00',NULL,'Михаил ','89159689481',NULL),(25,22,32,NULL,'2016-07-28','17:00:00',NULL,'Влад ','89038206479',NULL),(26,23,35,NULL,'2016-07-28','20:00:00',NULL,'Татьяна ','89051377226',NULL),(27,24,36,NULL,'2016-07-29','14:00:00',NULL,'Руслан Полухин','89109730885',1);
/*!40000 ALTER TABLE `record_activity` ENABLE KEYS */;
UNLOCK TABLES;

--
-- Table structure for table `schedule_activity`
--

DROP TABLE IF EXISTS `schedule_activity`;
/*!40101 SET @saved_cs_client     = @@character_set_client */;
/*!40101 SET character_set_client = utf8 */;
CREATE TABLE `schedule_activity` (
  `id` int(10) unsigned NOT NULL AUTO_INCREMENT,
  `activity_id` int(10) unsigned DEFAULT NULL,
  `trainer_id` int(10) unsigned DEFAULT NULL,
  `starttime` time DEFAULT NULL,
  `endtime` time DEFAULT NULL,
  `activitydate` date DEFAULT NULL,
  `startdate` date DEFAULT NULL,
  `activityduration` tinyint(4) DEFAULT NULL,
  `maxcount` int(11) DEFAULT NULL,
  `mincount` int(11) DEFAULT '0',
  `cycleday` tinyint(4) DEFAULT NULL,
  `deleted` tinyint(4) DEFAULT NULL,
  PRIMARY KEY (`id`),
  KEY `fk_schedule_activity_activity_idx` (`activity_id`)
) ENGINE=MyISAM AUTO_INCREMENT=88 DEFAULT CHARSET=utf8;
/*!40101 SET character_set_client = @saved_cs_client */;

--
-- Dumping data for table `schedule_activity`
--

LOCK TABLES `schedule_activity` WRITE;
/*!40000 ALTER TABLE `schedule_activity` DISABLE KEYS */;
INSERT INTO `schedule_activity` VALUES (1,1,NULL,'00:00:00','18:35:00',NULL,NULL,NULL,10,0,1,1),(2,2,NULL,'14:00:00','15:00:00',NULL,NULL,NULL,10,0,1,1),(3,3,NULL,'14:00:00','15:00:00',NULL,NULL,NULL,10,0,1,1),(4,4,NULL,'15:00:00','16:00:00',NULL,NULL,NULL,10,0,1,1),(5,1,NULL,'17:00:00','18:00:00',NULL,NULL,NULL,10,0,1,1),(6,1,NULL,'18:00:00','19:00:00',NULL,NULL,NULL,10,0,1,1),(7,1,NULL,'20:00:00','21:00:00',NULL,NULL,NULL,10,0,1,1),(8,1,NULL,'21:00:00','22:00:00',NULL,NULL,NULL,10,0,1,1),(9,2,NULL,'21:00:00','22:00:00',NULL,NULL,NULL,10,0,1,1),(10,2,NULL,'17:00:00','18:00:00',NULL,NULL,NULL,10,0,1,1),(11,2,NULL,'18:00:00','19:00:00',NULL,NULL,NULL,10,0,1,1),(12,2,NULL,'19:00:00','20:00:00',NULL,NULL,NULL,10,0,1,1),(13,2,NULL,'20:00:00','21:00:00',NULL,NULL,NULL,10,0,1,1),(14,2,NULL,'14:00:00','15:00:00',NULL,NULL,NULL,10,0,2,1),(15,2,NULL,'15:00:00','16:00:00',NULL,NULL,NULL,10,0,2,1),(16,2,NULL,'16:00:00','17:00:00',NULL,NULL,NULL,10,0,2,NULL),(17,2,NULL,'17:00:00','18:00:00',NULL,NULL,NULL,10,0,2,NULL),(18,2,NULL,'18:00:00','19:00:00',NULL,NULL,NULL,10,0,2,NULL),(19,2,NULL,'19:00:00','20:00:00',NULL,NULL,NULL,10,0,2,NULL),(20,2,NULL,'20:00:00','21:00:00',NULL,NULL,NULL,10,0,2,NULL),(21,2,NULL,'14:00:00','15:00:00',NULL,NULL,NULL,10,0,3,NULL),(22,2,NULL,'15:00:00','16:00:00',NULL,NULL,NULL,10,0,3,NULL),(23,2,NULL,'16:00:00','17:00:00',NULL,NULL,NULL,10,0,3,NULL),(24,2,NULL,'17:00:00','18:00:00',NULL,NULL,NULL,10,0,3,NULL),(25,2,NULL,'18:00:00','19:00:00',NULL,NULL,NULL,10,0,3,NULL),(26,2,NULL,'19:00:00','20:00:00',NULL,NULL,NULL,10,0,3,NULL),(27,2,NULL,'20:00:00','21:00:00',NULL,NULL,NULL,10,0,3,NULL),(28,2,NULL,'16:00:00','17:00:00',NULL,NULL,NULL,10,0,1,1),(29,2,NULL,'14:00:00','15:00:00',NULL,NULL,NULL,10,0,4,NULL),(30,2,NULL,'15:00:00','16:00:00',NULL,NULL,NULL,10,0,4,NULL),(31,2,NULL,'16:00:00','17:00:00',NULL,NULL,NULL,10,0,4,NULL),(32,2,NULL,'17:00:00','18:00:00',NULL,NULL,NULL,10,0,4,NULL),(33,2,NULL,'18:00:00','19:00:00',NULL,NULL,NULL,10,0,4,NULL),(34,2,NULL,'19:00:00','20:00:00',NULL,NULL,NULL,10,0,4,NULL),(35,2,NULL,'20:00:00','21:00:00',NULL,NULL,NULL,10,0,4,NULL),(36,2,NULL,'14:00:00','15:00:00',NULL,NULL,NULL,10,0,5,NULL),(37,2,NULL,'14:00:00','15:00:00',NULL,NULL,NULL,10,0,6,NULL),(38,2,NULL,'14:00:00','15:00:00',NULL,NULL,NULL,10,0,7,NULL),(39,2,NULL,'15:00:00','16:00:00',NULL,NULL,NULL,10,0,5,NULL),(40,2,NULL,'15:00:00','16:00:00',NULL,NULL,NULL,10,0,6,NULL),(41,2,NULL,'15:00:00','16:00:00',NULL,NULL,NULL,10,0,7,NULL),(42,2,NULL,'16:00:00','17:00:00',NULL,NULL,NULL,10,0,5,NULL),(43,2,NULL,'16:00:00','17:00:00',NULL,NULL,NULL,10,0,6,NULL),(44,2,NULL,'16:00:00','17:00:00',NULL,NULL,NULL,10,0,7,NULL),(45,2,NULL,'17:00:00','18:00:00',NULL,NULL,NULL,10,0,5,NULL),(46,2,NULL,'17:00:00','18:00:00',NULL,NULL,NULL,10,0,6,NULL),(47,2,NULL,'17:00:00','18:00:00',NULL,NULL,NULL,10,0,7,NULL),(48,2,NULL,'18:00:00','19:00:00',NULL,NULL,NULL,10,0,5,NULL),(49,2,NULL,'18:00:00','19:00:00',NULL,NULL,NULL,10,0,6,NULL),(50,2,NULL,'18:00:00','19:00:00',NULL,NULL,NULL,10,0,7,NULL),(51,2,NULL,'19:00:00','20:00:00',NULL,NULL,NULL,10,0,5,NULL),(52,2,NULL,'19:00:00','20:00:00',NULL,NULL,NULL,10,0,6,NULL),(53,2,NULL,'19:00:00','20:00:00',NULL,NULL,NULL,10,0,7,NULL),(54,2,NULL,'20:00:00','21:00:00',NULL,NULL,NULL,10,0,5,NULL),(55,2,NULL,'20:00:00','21:00:00',NULL,NULL,NULL,10,0,6,NULL),(56,2,NULL,'20:00:00','21:00:00',NULL,NULL,NULL,10,0,7,NULL),(57,2,NULL,'10:00:00','11:00:00',NULL,NULL,NULL,10,0,7,NULL),(58,2,NULL,'10:00:00','11:00:00',NULL,NULL,NULL,10,0,6,NULL),(59,2,NULL,'11:00:00','12:00:00',NULL,NULL,NULL,10,0,6,NULL),(60,2,NULL,'11:00:00','12:00:00',NULL,NULL,NULL,10,0,7,NULL),(61,2,NULL,'12:00:00','13:00:00',NULL,NULL,NULL,10,0,7,NULL),(62,2,NULL,'13:00:00','14:00:00',NULL,NULL,NULL,10,0,7,NULL),(63,2,NULL,'13:00:00','14:00:00',NULL,NULL,NULL,10,0,6,NULL),(64,2,NULL,'12:00:00','13:00:00',NULL,NULL,NULL,10,0,6,NULL),(65,2,NULL,'21:00:00','22:00:00',NULL,NULL,NULL,10,0,2,NULL),(66,2,NULL,'21:00:00','22:00:00',NULL,NULL,NULL,10,0,3,NULL),(67,2,NULL,'21:00:00','22:00:00',NULL,NULL,NULL,10,0,4,NULL),(68,2,NULL,'21:00:00','22:00:00',NULL,NULL,NULL,10,0,5,NULL),(69,2,NULL,'21:00:00','22:00:00',NULL,NULL,NULL,10,0,6,NULL),(70,2,NULL,'21:00:00','22:00:00',NULL,NULL,NULL,10,0,7,NULL),(71,5,NULL,'22:00:00',NULL,'2016-07-28',NULL,NULL,10,0,NULL,1),(72,6,NULL,'14:00:00','15:00:00',NULL,NULL,NULL,10,0,1,NULL),(73,7,NULL,'15:00:00','16:00:00',NULL,NULL,NULL,10,0,1,NULL),(74,8,NULL,'16:00:00','17:00:00',NULL,NULL,NULL,10,0,1,NULL),(75,9,NULL,'17:00:00','18:00:00',NULL,NULL,NULL,10,0,1,NULL),(76,10,NULL,'18:00:00','19:00:00',NULL,NULL,NULL,10,0,1,1),(77,11,NULL,'19:00:00','20:00:00',NULL,NULL,NULL,10,0,1,1),(78,12,NULL,'19:00:00','20:00:00',NULL,NULL,NULL,10,0,1,NULL),(79,13,NULL,'20:00:00','21:00:00',NULL,NULL,NULL,10,0,1,NULL),(80,14,NULL,'21:00:00','22:00:00',NULL,NULL,NULL,10,0,1,NULL),(81,15,NULL,'14:00:00','15:00:00',NULL,NULL,NULL,10,0,2,NULL),(82,16,NULL,'15:00:00','16:00:00',NULL,NULL,NULL,10,0,2,NULL),(83,17,NULL,'15:00:00','15:55:00',NULL,NULL,NULL,10,0,3,NULL),(84,18,NULL,'21:00:00','21:55:00',NULL,NULL,NULL,10,0,3,NULL),(85,19,NULL,'17:00:00','17:55:00',NULL,NULL,NULL,10,0,3,NULL),(86,20,NULL,'19:00:00','20:00:00',NULL,NULL,NULL,10,0,2,NULL),(87,21,NULL,'18:00:00','19:00:00',NULL,NULL,NULL,10,0,1,NULL);
/*!40000 ALTER TABLE `schedule_activity` ENABLE KEYS */;
UNLOCK TABLES;

--
-- Table structure for table `trainers`
--

DROP TABLE IF EXISTS `trainers`;
/*!40101 SET @saved_cs_client     = @@character_set_client */;
/*!40101 SET character_set_client = utf8 */;
CREATE TABLE `trainers` (
  `id` int(10) unsigned NOT NULL AUTO_INCREMENT,
  `phone` bigint(20) unsigned DEFAULT NULL,
  `trainername` tinytext,
  `trainersurname` tinytext,
  `experience` date DEFAULT NULL,
  `email` tinytext,
  `photo` text,
  `userpassword` tinytext,
  `permission` tinyint(4) DEFAULT NULL,
  `active` tinyint(4) DEFAULT NULL,
  `trainercomment` text,
  `deleted` tinyint(4) DEFAULT NULL,
  PRIMARY KEY (`id`)
) ENGINE=MyISAM DEFAULT CHARSET=utf8;
/*!40101 SET character_set_client = @saved_cs_client */;

--
-- Dumping data for table `trainers`
--

LOCK TABLES `trainers` WRITE;
/*!40000 ALTER TABLE `trainers` DISABLE KEYS */;
/*!40000 ALTER TABLE `trainers` ENABLE KEYS */;
UNLOCK TABLES;

--
-- Table structure for table `users`
--

DROP TABLE IF EXISTS `users`;
/*!40101 SET @saved_cs_client     = @@character_set_client */;
/*!40101 SET character_set_client = utf8 */;
CREATE TABLE `users` (
  `id` int(10) unsigned NOT NULL AUTO_INCREMENT,
  `phone` bigint(20) unsigned NOT NULL,
  `username` tinytext,
  `surname` tinytext,
  `ip` tinytext,
  `email` tinytext,
  `userpassword` tinytext,
  `permission` tinyint(4) DEFAULT NULL,
  `usercomment` text,
  `deleted` tinyint(4) DEFAULT NULL,
  PRIMARY KEY (`id`)
) ENGINE=MyISAM AUTO_INCREMENT=25 DEFAULT CHARSET=utf8;
/*!40101 SET character_set_client = @saved_cs_client */;

--
-- Dumping data for table `users`
--

LOCK TABLES `users` WRITE;
/*!40000 ALTER TABLE `users` DISABLE KEYS */;
INSERT INTO `users` VALUES (5,89611503494,'ГАРРИ  ТЕСТИРУЮ','КИСЕЛЕВ','37.145.156.134',NULL,NULL,NULL,NULL,NULL),(6,81111111111,'Илья','Владимирович','212.232.33.229',NULL,NULL,NULL,NULL,NULL),(7,81123324313,'Собака','Злая','212.232.33.229',NULL,NULL,NULL,NULL,NULL),(8,80942423244,'Алена','Пешкова','212.232.33.229',NULL,NULL,NULL,NULL,NULL),(9,89109730885,'Руслан',NULL,'212.232.33.229',NULL,NULL,NULL,NULL,NULL),(10,89191919191,'Петрович',NULL,'212.232.33.229',NULL,NULL,NULL,NULL,NULL),(11,89109730885,'Иван','Иванов','212.232.33.229',NULL,NULL,NULL,NULL,NULL),(12,89109730885,'Вася','Петров','212.232.33.229',NULL,NULL,NULL,NULL,NULL),(13,89109730885,'Тутас','Тутос','212.232.33.229',NULL,NULL,NULL,NULL,NULL),(14,89109730885,'Руслан','Полухин','212.232.33.229',NULL,NULL,NULL,NULL,NULL),(15,81111111111,'qq',NULL,'212.232.33.229',NULL,NULL,NULL,NULL,NULL),(16,89109730885,'Руслан','Полухин','212.232.33.229',NULL,NULL,NULL,NULL,NULL),(17,89109730885,'Руслан','Полухин','212.232.33.229',NULL,NULL,NULL,NULL,NULL),(18,88910123456,'Маша',NULL,'195.239.200.245',NULL,NULL,NULL,NULL,NULL),(19,89159754495,'Митя',NULL,'178.57.122.68',NULL,NULL,NULL,NULL,NULL),(20,89159733176,'Денис',NULL,'178.57.122.68',NULL,NULL,NULL,NULL,NULL),(21,89159689481,'Михаил',NULL,'178.57.122.68',NULL,NULL,NULL,NULL,NULL),(22,89038206479,'Влад',NULL,'178.57.122.68',NULL,NULL,NULL,NULL,NULL),(23,89051377226,'Татьяна',NULL,'178.57.122.68',NULL,NULL,NULL,NULL,NULL),(24,89109730885,'Руслан','Полухин','212.232.33.229',NULL,NULL,NULL,NULL,NULL);
/*!40000 ALTER TABLE `users` ENABLE KEYS */;
UNLOCK TABLES;
/*!40103 SET TIME_ZONE=@OLD_TIME_ZONE */;

/*!40101 SET SQL_MODE=@OLD_SQL_MODE */;
/*!40014 SET FOREIGN_KEY_CHECKS=@OLD_FOREIGN_KEY_CHECKS */;
/*!40014 SET UNIQUE_CHECKS=@OLD_UNIQUE_CHECKS */;
/*!40101 SET CHARACTER_SET_CLIENT=@OLD_CHARACTER_SET_CLIENT */;
/*!40101 SET CHARACTER_SET_RESULTS=@OLD_CHARACTER_SET_RESULTS */;
/*!40101 SET COLLATION_CONNECTION=@OLD_COLLATION_CONNECTION */;
/*!40111 SET SQL_NOTES=@OLD_SQL_NOTES */;

-- Dump completed on 2016-08-03 16:06:38
